name,La Galerie des Carrosses,Le Campus de Versailles,L'Académie Équestre de Versailles,Les Jardins à la Française du Trianon,Le Hameau de la Reine,Le Jardin Anglais,Le Petit Trianon,Le Grand Trianon,Le Théâtre de la Reine,Le Jardin Français du Petit Trianon,L'Appartement intérieur du Roi,La Galerie des Glaces,L'Appartement du Roi,Le Grand Appartement du Roi,L'Opéra Royal,La Chapelle Royale,Le Grand Appartement de la Reine,La Galerie des Batailles,L'Appartement de Madame de Pompadour,L'Appartement de la Dauphine,Les Appartements des Filles de Louis XV,Les Galeries Historiques,La Salle du Congrès,Les Salles des Croisades,Les Cabinets intérieurs de Marie-Antoinette,La Salle du Sacre,Les Salles de l'Empire,"Les Salles d'Afrique, de Crimée et d'Italie",La Salle de 1792,La Galerie de l'Histoire du Château,Les Salles de Louis XIV,L'Appartement du Dauphin,L'Appartement de Madame du Barry,Le Grand Commun,L'Attique Chimay,L'Orangerie,La Galerie des Sculptures et des Moulages,Le Grand Canal,La Pièce d'Eau des Suisses,Le Rû Gally,La Salle du Jeu de Paume,Le Bassin de Flore (Printemps),Le Bassin de Cérès (Été),Le Bassin de Bacchus (Automne),Le Bassin de Saturne (Hiver),Le Cabinet de Diane (Soir),Le Cabinet du Point du Jour,Le Bassin du Dragon,Le Bassin de Neptune,Le Bassin de Latone,Le Bassin d'Apollon,Le Bassin du Miroir,Le Bain des Nymphes,Le Bassin de la Pyramide,Le Bassin des Enfants Dorés,Le Bosquet de la Reine,Le Bosquet de la Salle de Bal,Le Bosquet de la Girandole,Le Bosquet de la Montagne d'Eau,Le Bosquet du Dauphin,Le Bosquet du Théâtre d'Eau,Le Bosquet des Trois Fontaines,Le Bosquet de l'Arc de Triomphe,Le Bosquet de la Colonnade,Le Bosquet du Marronnier,Le Bosquet du Dôme,Le Bosquet d'Encelade,Le Bosquet des Obélisques,Le Bosquet des Bains d'Apollon,Le Parterre d'Eau,Le Parterre Nord,Le Parterre du Midi,Le Parterre de Latone,L'Allée d'Eau des Marmousets,L'Allée Royale du Tapis Vert,Le Jardin du Roi,La Statue de Louis XIV
La Galerie des Carrosses,0.0,0.0,0.0,24.314024276030416,24.314024276030416,24.314024276030416,24.314024276030416,24.314024276030416,24.314024276030416,24.314024276030416,7.116630530232071,7.116630530232071,7.116630530232071,7.116630530232071,7.116630530232071,7.116630530232071,7.116630530232071,7.116630530232071,7.116630530232071,7.116630530232071,7.116630530232071,7.116630530232071,7.116630530232071,7.116630530232071,7.116630530232071,7.116630530232071,7.116630530232071,7.116630530232071,7.116630530232071,7.116630530232071,7.116630530232071,7.116630530232071,7.116630530232071,7.116630530232071,7.116630530232071,7.116630530232071,7.116630530232071,7.116630530232071,7.116630530232071,7.116630530232071,7.116630530232071,7.116630530232071,7.116630530232071,7.116630530232071,7.116630530232071,7.116630530232071,7.116630530232071,7.116630530232071,7.116630530232071,7.116630530232071,7.116630530232071,7.116630530232071,7.116630530232071,7.116630530232071,7.116630530232071,7.116630530232071,7.116630530232071,7.116630530232071,7.116630530232071,7.116630530232071,7.116630530232071,7.116630530232071,7.116630530232071,7.116630530232071,7.116630530232071,7.116630530232071,7.116630530232071,7.116630530232071,7.116630530232071,7.116630530232071,7.116630530232071,7.116630530232071,7.116630530232071,7.116630530232071,7.116630530232071,7.116630530232071,7.116630530232071
Le Campus de Versailles,0.0,0.0,0.0,24.314024276030416,24.314024276030416,24.314024276030416,24.314024276030416,24.314024276030416,24.314024276030416,24.314024276030416,7.116630530232071,7.116630530232071,7.116630530232071,7.116630530232071,7.116630530232071,7.116630530232071,7.116630530232071,7.116630530232071,7.116630530232071,7.116630530232071,7.116630530232071,7.116630530232071,7.116630530232071,7.116630530232071,7.116630530232071,7.116630530232071,7.116630530232071,7.116630530232071,7.116630530232071,7.116630530232071,7.116630530232071,7.116630530232071,7.116630530232071,7.116630530232071,7.116630530232071,7.116630530232071,7.116630530232071,7.116630530232071,7.116630530232071,7.116630530232071,7.116630530232071,7.116630530232071,7.116630530232071,7.116630530232071,7.116630530232071,7.116630530232071,7.116630530232071,7.116630530232071,7.116630530232071,7.116630530232071,7.116630530232071,7.116630530232071,7.116630530232071,7.116630530232071,7.116630530232071,7.116630530232071,7.116630530232071,7.116630530232071,7.116630530232071,7.116630530232071,7.116630530232071,7.116630530232071,7.116630530232071,7.116630530232071,7.116630530232071,7.116630530232071,7.116630530232071,7.116630530232071,7.116630530232071,7.116630530232071,7.116630530232071,7.116630530232071,7.116630530232071,7.116630530232071,7.116630530232071,7.116630530232071,7.116630530232071
L'Académie Équestre de Versailles,0.0,0.0,0.0,24.314024276030416,24.314024276030416,24.314024276030416,24.314024276030416,24.314024276030416,24.314024276030416,24.314024276030416,7.116630530232071,7.116630530232071,7.116630530232071,7.116630530232071,7.116630530232071,7.116630530232071,7.116630530232071,7.116630530232071,7.116630530232071,7.116630530232071,7.116630530232071,7.116630530232071,7.116630530232071,7.116630530232071,7.116630530232071,7.116630530232071,7.116630530232071,7.116630530232071,7.116630530232071,7.116630530232071,7.116630530232071,7.116630530232071,7.116630530232071,7.116630530232071,7.116630530232071,7.116630530232071,7.116630530232071,7.116630530232071,7.116630530232071,7.116630530232071,7.116630530232071,7.116630530232071,7.116630530232071,7.116630530232071,7.116630530232071,7.116630530232071,7.116630530232071,7.116630530232071,7.116630530232071,7.116630530232071,7.116630530232071,7.116630530232071,7.116630530232071,7.116630530232071,7.116630530232071,7.116630530232071,7.116630530232071,7.116630530232071,7.116630530232071,7.116630530232071,7.116630530232071,7.116630530232071,7.116630530232071,7.116630530232071,7.116630530232071,7.116630530232071,7.116630530232071,7.116630530232071,7.116630530232071,7.116630530232071,7.116630530232071,7.116630530232071,7.116630530232071,7.116630530232071,7.116630530232071,7.116630530232071,7.116630530232071
Les Jardins à la Française du Trianon,24.314024276030416,24.314024276030416,24.314024276030416,0.0,0.0,0.0,0.0,0.0,0.0,0.0,17.98515520374174,17.98515520374174,17.98515520374174,17.98515520374174,17.98515520374174,17.98515520374174,17.98515520374174,17.98515520374174,17.98515520374174,17.98515520374174,17.98515520374174,17.98515520374174,17.98515520374174,17.98515520374174,17.98515520374174,17.98515520374174,17.98515520374174,17.98515520374174,17.98515520374174,17.98515520374174,17.98515520374174,17.98515520374174,17.98515520374174,17.98515520374174,17.98515520374174,17.98515520374174,17.98515520374174,17.98515520374174,17.98515520374174,17.98515520374174,17.98515520374174,17.98515520374174,17.98515520374174,17.98515520374174,17.98515520374174,17.98515520374174,17.98515520374174,17.98515520374174,17.98515520374174,17.98515520374174,17.98515520374174,17.98515520374174,17.98515520374174,17.98515520374174,17.98515520374174,17.98515520374174,17.98515520374174,17.98515520374174,17.98515520374174,17.98515520374174,17.98515520374174,17.98515520374174,17.98515520374174,17.98515520374174,17.98515520374174,17.98515520374174,17.98515520374174,17.98515520374174,17.98515520374174,17.98515520374174,17.98515520374174,17.98515520374174,17.98515520374174,17.98515520374174,17.98515520374174,17.98515520374174,17.98515520374174
Le Hameau de la Reine,24.314024276030416,24.314024276030416,24.314024276030416,0.0,0.0,0.0,0.0,0.0,0.0,0.0,17.98515520374174,17.98515520374174,17.98515520374174,17.98515520374174,17.98515520374174,17.98515520374174,17.98515520374174,17.98515520374174,17.98515520374174,17.98515520374174,17.98515520374174,17.98515520374174,17.98515520374174,17.98515520374174,17.98515520374174,17.98515520374174,17.98515520374174,17.98515520374174,17.98515520374174,17.98515520374174,17.98515520374174,17.98515520374174,17.98515520374174,17.98515520374174,17.98515520374174,17.98515520374174,17.98515520374174,17.98515520374174,17.98515520374174,17.98515520374174,17.98515520374174,17.98515520374174,17.98515520374174,17.98515520374174,17.98515520374174,17.98515520374174,17.98515520374174,17.98515520374174,17.98515520374174,17.98515520374174,17.98515520374174,17.98515520374174,17.98515520374174,17.98515520374174,17.98515520374174,17.98515520374174,17.98515520374174,17.98515520374174,17.98515520374174,17.98515520374174,17.98515520374174,17.98515520374174,17.98515520374174,17.98515520374174,17.98515520374174,17.98515520374174,17.98515520374174,17.98515520374174,17.98515520374174,17.98515520374174,17.98515520374174,17.98515520374174,17.98515520374174,17.98515520374174,17.98515520374174,17.98515520374174,17.98515520374174
Le Jardin Anglais,24.314024276030416,24.314024276030416,24.314024276030416,0.0,0.0,0.0,0.0,0.0,0.0,0.0,17.98515520374174,17.98515520374174,17.98515520374174,17.98515520374174,17.98515520374174,17.98515520374174,17.98515520374174,17.98515520374174,17.98515520374174,17.98515520374174,17.98515520374174,17.98515520374174,17.98515520374174,17.98515520374174,17.98515520374174,17.98515520374174,17.98515520374174,17.98515520374174,17.98515520374174,17.98515520374174,17.98515520374174,17.98515520374174,17.98515520374174,17.98515520374174,17.98515520374174,17.98515520374174,17.98515520374174,17.98515520374174,17.98515520374174,17.98515520374174,17.98515520374174,17.98515520374174,17.98515520374174,17.98515520374174,17.98515520374174,17.98515520374174,17.98515520374174,17.98515520374174,17.98515520374174,17.98515520374174,17.98515520374174,17.98515520374174,17.98515520374174,17.98515520374174,17.98515520374174,17.98515520374174,17.98515520374174,17.98515520374174,17.98515520374174,17.98515520374174,17.98515520374174,17.98515520374174,17.98515520374174,17.98515520374174,17.98515520374174,17.98515520374174,17.98515520374174,17.98515520374174,17.98515520374174,17.98515520374174,17.98515520374174,17.98515520374174,17.98515520374174,17.98515520374174,17.98515520374174,17.98515520374174,17.98515520374174
Le Petit Trianon,24.314024276030416,24.314024276030416,24.314024276030416,0.0,0.0,0.0,0.0,0.0,0.0,0.0,17.98515520374174,17.98515520374174,17.98515520374174,17.98515520374174,17.98515520374174,17.98515520374174,17.98515520374174,17.98515520374174,17.98515520374174,17.98515520374174,17.98515520374174,17.98515520374174,17.98515520374174,17.98515520374174,17.98515520374174,17.98515520374174,17.98515520374174,17.98515520374174,17.98515520374174,17.98515520374174,17.98515520374174,17.98515520374174,17.98515520374174,17.98515520374174,17.98515520374174,17.98515520374174,17.98515520374174,17.98515520374174,17.98515520374174,17.98515520374174,17.98515520374174,17.98515520374174,17.98515520374174,17.98515520374174,17.98515520374174,17.98515520374174,17.98515520374174,17.98515520374174,17.98515520374174,17.98515520374174,17.98515520374174,17.98515520374174,17.98515520374174,17.98515520374174,17.98515520374174,17.98515520374174,17.98515520374174,17.98515520374174,17.98515520374174,17.98515520374174,17.98515520374174,17.98515520374174,17.98515520374174,17.98515520374174,17.98515520374174,17.98515520374174,17.98515520374174,17.98515520374174,17.98515520374174,17.98515520374174,17.98515520374174,17.98515520374174,17.98515520374174,17.98515520374174,17.98515520374174,17.98515520374174,17.98515520374174
Le Grand Trianon,24.314024276030416,24.314024276030416,24.314024276030416,0.0,0.0,0.0,0.0,0.0,0.0,0.0,17.98515520374174,17.98515520374174,17.98515520374174,17.98515520374174,17.98515520374174,17.98515520374174,17.98515520374174,17.98515520374174,17.98515520374174,17.98515520374174,17.98515520374174,17.98515520374174,17.98515520374174,17.98515520374174,17.98515520374174,17.98515520374174,17.98515520374174,17.98515520374174,17.98515520374174,17.98515520374174,17.98515520374174,17.98515520374174,17.98515520374174,17.98515520374174,17.98515520374174,17.98515520374174,17.98515520374174,17.98515520374174,17.98515520374174,17.98515520374174,17.98515520374174,17.98515520374174,17.98515520374174,17.98515520374174,17.98515520374174,17.98515520374174,17.98515520374174,17.98515520374174,17.98515520374174,17.98515520374174,17.98515520374174,17.98515520374174,17.98515520374174,17.98515520374174,17.98515520374174,17.98515520374174,17.98515520374174,17.98515520374174,17.98515520374174,17.98515520374174,17.98515520374174,17.98515520374174,17.98515520374174,17.98515520374174,17.98515520374174,17.98515520374174,17.98515520374174,17.98515520374174,17.98515520374174,17.98515520374174,17.98515520374174,17.98515520374174,17.98515520374174,17.98515520374174,17.98515520374174,17.98515520374174,17.98515520374174
Le Théâtre de la Reine,24.314024276030416,24.314024276030416,24.314024276030416,0.0,0.0,0.0,0.0,0.0,0.0,0.0,17.98515520374174,17.98515520374174,17.98515520374174,17.98515520374174,17.98515520374174,17.98515520374174,17.98515520374174,17.98515520374174,17.98515520374174,17.98515520374174,17.98515520374174,17.98515520374174,17.98515520374174,17.98515520374174,17.98515520374174,17.98515520374174,17.98515520374174,17.98515520374174,17.98515520374174,17.98515520374174,17.98515520374174,17.98515520374174,17.98515520374174,17.98515520374174,17.98515520374174,17.98515520374174,17.98515520374174,17.98515520374174,17.98515520374174,17.98515520374174,17.98515520374174,17.98515520374174,17.98515520374174,17.98515520374174,17.98515520374174,17.98515520374174,17.98515520374174,17.98515520374174,17.98515520374174,17.98515520374174,17.98515520374174,17.98515520374174,17.98515520374174,17.98515520374174,17.98515520374174,17.98515520374174,17.98515520374174,17.98515520374174,17.98515520374174,17.98515520374174,17.98515520374174,17.98515520374174,17.98515520374174,17.98515520374174,17.98515520374174,17.98515520374174,17.98515520374174,17.98515520374174,17.98515520374174,17.98515520374174,17.98515520374174,17.98515520374174,17.98515520374174,17.98515520374174,17.98515520374174,17.98515520374174,17.98515520374174
Le Jardin Français du Petit Trianon,24.314024276030416,24.314024276030416,24.314024276030416,0.0,0.0,0.0,0.0,0.0,0.0,0.0,17.98515520374174,17.98515520374174,17.98515520374174,17.98515520374174,17.98515520374174,17.98515520374174,17.98515520374174,17.98515520374174,17.98515520374174,17.98515520374174,17.98515520374174,17.98515520374174,17.98515520374174,17.98515520374174,17.98515520374174,17.98515520374174,17.98515520374174,17.98515520374174,17.98515520374174,17.98515520374174,17.98515520374174,17.98515520374174,17.98515520374174,17.98515520374174,17.98515520374174,17.98515520374174,17.98515520374174,17.98515520374174,17.98515520374174,17.98515520374174,17.98515520374174,17.98515520374174,17.98515520374174,17.98515520374174,17.98515520374174,17.98515520374174,17.98515520374174,17.98515520374174,17.98515520374174,17.98515520374174,17.98515520374174,17.98515520374174,17.98515520374174,17.98515520374174,17.98515520374174,17.98515520374174,17.98515520374174,17.98515520374174,17.98515520374174,17.98515520374174,17.98515520374174,17.98515520374174,17.98515520374174,17.98515520374174,17.98515520374174,17.98515520374174,17.98515520374174,17.98515520374174,17.98515520374174,17.98515520374174,17.98515520374174,17.98515520374174,17.98515520374174,17.98515520374174,17.98515520374174,17.98515520374174,17.98515520374174
L'Appartement intérieur du Roi,7.116630530232071,7.116630530232071,7.116630530232071,17.98515520374174,17.98515520374174,17.98515520374174,17.98515520374174,17.98515520374174,17.98515520374174,17.98515520374174,0.0,0.0,0.0,0.0,0.0,0.0,0.0,0.0,0.0,0.0,0.0,0.0,0.0,0.0,0.0,0.0,0.0,0.0,0.0,0.0,0.0,0.0,0.0,0.0,0.0,0.0,0.0,0.0,0.0,0.0,0.0,0.0,0.0,0.0,0.0,0.0,0.0,0.0,0.0,0.0,0.0,0.0,0.0,0.0,0.0,0.0,0.0,0.0,0.0,0.0,0.0,0.0,0.0,0.0,0.0,0.0,0.0,0.0,0.0,0.0,0.0,0.0,0.0,0.0,0.0,0.0,0.0
La Galerie des Glaces,7.116630530232071,7.116630530232071,7.116630530232071,17.98515520374174,17.98515520374174,17.98515520374174,17.98515520374174,17.98515520374174,17.98515520374174,17.98515520374174,0.0,0.0,0.0,0.0,0.0,0.0,0.0,0.0,0.0,0.0,0.0,0.0,0.0,0.0,0.0,0.0,0.0,0.0,0.0,0.0,0.0,0.0,0.0,0.0,0.0,0.0,0.0,0.0,0.0,0.0,0.0,0.0,0.0,0.0,0.0,0.0,0.0,0.0,0.0,0.0,0.0,0.0,0.0,0.0,0.0,0.0,0.0,0.0,0.0,0.0,0.0,0.0,0.0,0.0,0.0,0.0,0.0,0.0,0.0,0.0,0.0,0.0,0.0,0.0,0.0,0.0,0.0
L'Appartement du Roi,7.116630530232071,7.116630530232071,7.116630530232071,17.98515520374174,17.98515520374174,17.98515520374174,17.98515520374174,17.98515520374174,17.98515520374174,17.98515520374174,0.0,0.0,0.0,0.0,0.0,0.0,0.0,0.0,0.0,0.0,0.0,0.0,0.0,0.0,0.0,0.0,0.0,0.0,0.0,0.0,0.0,0.0,0.0,0.0,0.0,0.0,0.0,0.0,0.0,0.0,0.0,0.0,0.0,0.0,0.0,0.0,0.0,0.0,0.0,0.0,0.0,0.0,0.0,0.0,0.0,0.0,0.0,0.0,0.0,0.0,0.0,0.0,0.0,0.0,0.0,0.0,0.0,0.0,0.0,0.0,0.0,0.0,0.0,0.0,0.0,0.0,0.0
Le Grand Appartement du Roi,7.116630530232071,7.116630530232071,7.116630530232071,17.98515520374174,17.98515520374174,17.98515520374174,17.98515520374174,17.98515520374174,17.98515520374174,17.98515520374174,0.0,0.0,0.0,0.0,0.0,0.0,0.0,0.0,0.0,0.0,0.0,0.0,0.0,0.0,0.0,0.0,0.0,0.0,0.0,0.0,0.0,0.0,0.0,0.0,0.0,0.0,0.0,0.0,0.0,0.0,0.0,0.0,0.0,0.0,0.0,0.0,0.0,0.0,0.0,0.0,0.0,0.0,0.0,0.0,0.0,0.0,0.0,0.0,0.0,0.0,0.0,0.0,0.0,0.0,0.0,0.0,0.0,0.0,0.0,0.0,0.0,0.0,0.0,0.0,0.0,0.0,0.0
L'Opéra Royal,7.116630530232071,7.116630530232071,7.116630530232071,17.98515520374174,17.98515520374174,17.98515520374174,17.98515520374174,17.98515520374174,17.98515520374174,17.98515520374174,0.0,0.0,0.0,0.0,0.0,0.0,0.0,0.0,0.0,0.0,0.0,0.0,0.0,0.0,0.0,0.0,0.0,0.0,0.0,0.0,0.0,0.0,0.0,0.0,0.0,0.0,0.0,0.0,0.0,0.0,0.0,0.0,0.0,0.0,0.0,0.0,0.0,0.0,0.0,0.0,0.0,0.0,0.0,0.0,0.0,0.0,0.0,0.0,0.0,0.0,0.0,0.0,0.0,0.0,0.0,0.0,0.0,0.0,0.0,0.0,0.0,0.0,0.0,0.0,0.0,0.0,0.0
La Chapelle Royale,7.116630530232071,7.116630530232071,7.116630530232071,17.98515520374174,17.98515520374174,17.98515520374174,17.98515520374174,17.98515520374174,17.98515520374174,17.98515520374174,0.0,0.0,0.0,0.0,0.0,0.0,0.0,0.0,0.0,0.0,0.0,0.0,0.0,0.0,0.0,0.0,0.0,0.0,0.0,0.0,0.0,0.0,0.0,0.0,0.0,0.0,0.0,0.0,0.0,0.0,0.0,0.0,0.0,0.0,0.0,0.0,0.0,0.0,0.0,0.0,0.0,0.0,0.0,0.0,0.0,0.0,0.0,0.0,0.0,0.0,0.0,0.0,0.0,0.0,0.0,0.0,0.0,0.0,0.0,0.0,0.0,0.0,0.0,0.0,0.0,0.0,0.0
Le Grand Appartement de la Reine,7.116630530232071,7.116630530232071,7.116630530232071,17.98515520374174,17.98515520374174,17.98515520374174,17.98515520374174,17.98515520374174,17.98515520374174,17.98515520374174,0.0,0.0,0.0,0.0,0.0,0.0,0.0,0.0,0.0,0.0,0.0,0.0,0.0,0.0,0.0,0.0,0.0,0.0,0.0,0.0,0.0,0.0,0.0,0.0,0.0,0.0,0.0,0.0,0.0,0.0,0.0,0.0,0.0,0.0,0.0,0.0,0.0,0.0,0.0,0.0,0.0,0.0,0.0,0.0,0.0,0.0,0.0,0.0,0.0,0.0,0.0,0.0,0.0,0.0,0.0,0.0,0.0,0.0,0.0,0.0,0.0,0.0,0.0,0.0,0.0,0.0,0.0
La Galerie des Batailles,7.116630530232071,7.116630530232071,7.116630530232071,17.98515520374174,17.98515520374174,17.98515520374174,17.98515520374174,17.98515520374174,17.98515520374174,17.98515520374174,0.0,0.0,0.0,0.0,0.0,0.0,0.0,0.0,0.0,0.0,0.0,0.0,0.0,0.0,0.0,0.0,0.0,0.0,0.0,0.0,0.0,0.0,0.0,0.0,0.0,0.0,0.0,0.0,0.0,0.0,0.0,0.0,0.0,0.0,0.0,0.0,0.0,0.0,0.0,0.0,0.0,0.0,0.0,0.0,0.0,0.0,0.0,0.0,0.0,0.0,0.0,0.0,0.0,0.0,0.0,0.0,0.0,0.0,0.0,0.0,0.0,0.0,0.0,0.0,0.0,0.0,0.0
L'Appartement de Madame de Pompadour,7.116630530232071,7.116630530232071,7.116630530232071,17.98515520374174,17.98515520374174,17.98515520374174,17.98515520374174,17.98515520374174,17.98515520374174,17.98515520374174,0.0,0.0,0.0,0.0,0.0,0.0,0.0,0.0,0.0,0.0,0.0,0.0,0.0,0.0,0.0,0.0,0.0,0.0,0.0,0.0,0.0,0.0,0.0,0.0,0.0,0.0,0.0,0.0,0.0,0.0,0.0,0.0,0.0,0.0,0.0,0.0,0.0,0.0,0.0,0.0,0.0,0.0,0.0,0.0,0.0,0.0,0.0,0.0,0.0,0.0,0.0,0.0,0.0,0.0,0.0,0.0,0.0,0.0,0.0,0.0,0.0,0.0,0.0,0.0,0.0,0.0,0.0
L'Appartement de la Dauphine,7.116630530232071,7.116630530232071,7.116630530232071,17.98515520374174,17.98515520374174,17.98515520374174,17.98515520374174,17.98515520374174,17.98515520374174,17.98515520374174,0.0,0.0,0.0,0.0,0.0,0.0,0.0,0.0,0.0,0.0,0.0,0.0,0.0,0.0,0.0,0.0,0.0,0.0,0.0,0.0,0.0,0.0,0.0,0.0,0.0,0.0,0.0,0.0,0.0,0.0,0.0,0.0,0.0,0.0,0.0,0.0,0.0,0.0,0.0,0.0,0.0,0.0,0.0,0.0,0.0,0.0,0.0,0.0,0.0,0.0,0.0,0.0,0.0,0.0,0.0,0.0,0.0,0.0,0.0,0.0,0.0,0.0,0.0,0.0,0.0,0.0,0.0
Les Appartements des Filles de Louis XV,7.116630530232071,7.116630530232071,7.116630530232071,17.98515520374174,17.98515520374174,17.98515520374174,17.98515520374174,17.98515520374174,17.98515520374174,17.98515520374174,0.0,0.0,0.0,0.0,0.0,0.0,0.0,0.0,0.0,0.0,0.0,0.0,0.0,0.0,0.0,0.0,0.0,0.0,0.0,0.0,0.0,0.0,0.0,0.0,0.0,0.0,0.0,0.0,0.0,0.0,0.0,0.0,0.0,0.0,0.0,0.0,0.0,0.0,0.0,0.0,0.0,0.0,0.0,0.0,0.0,0.0,0.0,0.0,0.0,0.0,0.0,0.0,0.0,0.0,0.0,0.0,0.0,0.0,0.0,0.0,0.0,0.0,0.0,0.0,0.0,0.0,0.0
Les Galeries Historiques,7.116630530232071,7.116630530232071,7.116630530232071,17.98515520374174,17.98515520374174,17.98515520374174,17.98515520374174,17.98515520374174,17.98515520374174,17.98515520374174,0.0,0.0,0.0,0.0,0.0,0.0,0.0,0.0,0.0,0.0,0.0,0.0,0.0,0.0,0.0,0.0,0.0,0.0,0.0,0.0,0.0,0.0,0.0,0.0,0.0,0.0,0.0,0.0,0.0,0.0,0.0,0.0,0.0,0.0,0.0,0.0,0.0,0.0,0.0,0.0,0.0,0.0,0.0,0.0,0.0,0.0,0.0,0.0,0.0,0.0,0.0,0.0,0.0,0.0,0.0,0.0,0.0,0.0,0.0,0.0,0.0,0.0,0.0,0.0,0.0,0.0,0.0
La Salle du Congrès,7.116630530232071,7.116630530232071,7.116630530232071,17.98515520374174,17.98515520374174,17.98515520374174,17.98515520374174,17.98515520374174,17.98515520374174,17.98515520374174,0.0,0.0,0.0,0.0,0.0,0.0,0.0,0.0,0.0,0.0,0.0,0.0,0.0,0.0,0.0,0.0,0.0,0.0,0.0,0.0,0.0,0.0,0.0,0.0,0.0,0.0,0.0,0.0,0.0,0.0,0.0,0.0,0.0,0.0,0.0,0.0,0.0,0.0,0.0,0.0,0.0,0.0,0.0,0.0,0.0,0.0,0.0,0.0,0.0,0.0,0.0,0.0,0.0,0.0,0.0,0.0,0.0,0.0,0.0,0.0,0.0,0.0,0.0,0.0,0.0,0.0,0.0
Les Salles des Croisades,7.116630530232071,7.116630530232071,7.116630530232071,17.98515520374174,17.98515520374174,17.98515520374174,17.98515520374174,17.98515520374174,17.98515520374174,17.98515520374174,0.0,0.0,0.0,0.0,0.0,0.0,0.0,0.0,0.0,0.0,0.0,0.0,0.0,0.0,0.0,0.0,0.0,0.0,0.0,0.0,0.0,0.0,0.0,0.0,0.0,0.0,0.0,0.0,0.0,0.0,0.0,0.0,0.0,0.0,0.0,0.0,0.0,0.0,0.0,0.0,0.0,0.0,0.0,0.0,0.0,0.0,0.0,0.0,0.0,0.0,0.0,0.0,0.0,0.0,0.0,0.0,0.0,0.0,0.0,0.0,0.0,0.0,0.0,0.0,0.0,0.0,0.0
Les Cabinets intérieurs de Marie-Antoinette,7.116630530232071,7.116630530232071,7.116630530232071,17.98515520374174,17.98515520374174,17.98515520374174,17.98515520374174,17.98515520374174,17.98515520374174,17.98515520374174,0.0,0.0,0.0,0.0,0.0,0.0,0.0,0.0,0.0,0.0,0.0,0.0,0.0,0.0,0.0,0.0,0.0,0.0,0.0,0.0,0.0,0.0,0.0,0.0,0.0,0.0,0.0,0.0,0.0,0.0,0.0,0.0,0.0,0.0,0.0,0.0,0.0,0.0,0.0,0.0,0.0,0.0,0.0,0.0,0.0,0.0,0.0,0.0,0.0,0.0,0.0,0.0,0.0,0.0,0.0,0.0,0.0,0.0,0.0,0.0,0.0,0.0,0.0,0.0,0.0,0.0,0.0
La Salle du Sacre,7.116630530232071,7.116630530232071,7.116630530232071,17.98515520374174,17.98515520374174,17.98515520374174,17.98515520374174,17.98515520374174,17.98515520374174,17.98515520374174,0.0,0.0,0.0,0.0,0.0,0.0,0.0,0.0,0.0,0.0,0.0,0.0,0.0,0.0,0.0,0.0,0.0,0.0,0.0,0.0,0.0,0.0,0.0,0.0,0.0,0.0,0.0,0.0,0.0,0.0,0.0,0.0,0.0,0.0,0.0,0.0,0.0,0.0,0.0,0.0,0.0,0.0,0.0,0.0,0.0,0.0,0.0,0.0,0.0,0.0,0.0,0.0,0.0,0.0,0.0,0.0,0.0,0.0,0.0,0.0,0.0,0.0,0.0,0.0,0.0,0.0,0.0
Les Salles de l'Empire,7.116630530232071,7.116630530232071,7.116630530232071,17.98515520374174,17.98515520374174,17.98515520374174,17.98515520374174,17.98515520374174,17.98515520374174,17.98515520374174,0.0,0.0,0.0,0.0,0.0,0.0,0.0,0.0,0.0,0.0,0.0,0.0,0.0,0.0,0.0,0.0,0.0,0.0,0.0,0.0,0.0,0.0,0.0,0.0,0.0,0.0,0.0,0.0,0.0,0.0,0.0,0.0,0.0,0.0,0.0,0.0,0.0,0.0,0.0,0.0,0.0,0.0,0.0,0.0,0.0,0.0,0.0,0.0,0.0,0.0,0.0,0.0,0.0,0.0,0.0,0.0,0.0,0.0,0.0,0.0,0.0,0.0,0.0,0.0,0.0,0.0,0.0
"Les Salles d'Afrique, de Crimée et d'Italie",7.116630530232071,7.116630530232071,7.116630530232071,17.98515520374174,17.98515520374174,17.98515520374174,17.98515520374174,17.98515520374174,17.98515520374174,17.98515520374174,0.0,0.0,0.0,0.0,0.0,0.0,0.0,0.0,0.0,0.0,0.0,0.0,0.0,0.0,0.0,0.0,0.0,0.0,0.0,0.0,0.0,0.0,0.0,0.0,0.0,0.0,0.0,0.0,0.0,0.0,0.0,0.0,0.0,0.0,0.0,0.0,0.0,0.0,0.0,0.0,0.0,0.0,0.0,0.0,0.0,0.0,0.0,0.0,0.0,0.0,0.0,0.0,0.0,0.0,0.0,0.0,0.0,0.0,0.0,0.0,0.0,0.0,0.0,0.0,0.0,0.0,0.0
La Salle de 1792,7.116630530232071,7.116630530232071,7.116630530232071,17.98515520374174,17.98515520374174,17.98515520374174,17.98515520374174,17.98515520374174,17.98515520374174,17.98515520374174,0.0,0.0,0.0,0.0,0.0,0.0,0.0,0.0,0.0,0.0,0.0,0.0,0.0,0.0,0.0,0.0,0.0,0.0,0.0,0.0,0.0,0.0,0.0,0.0,0.0,0.0,0.0,0.0,0.0,0.0,0.0,0.0,0.0,0.0,0.0,0.0,0.0,0.0,0.0,0.0,0.0,0.0,0.0,0.0,0.0,0.0,0.0,0.0,0.0,0.0,0.0,0.0,0.0,0.0,0.0,0.0,0.0,0.0,0.0,0.0,0.0,0.0,0.0,0.0,0.0,0.0,0.0
La Galerie de l'Histoire du Château,7.116630530232071,7.116630530232071,7.116630530232071,17.98515520374174,17.98515520374174,17.98515520374174,17.98515520374174,17.98515520374174,17.98515520374174,17.98515520374174,0.0,0.0,0.0,0.0,0.0,0.0,0.0,0.0,0.0,0.0,0.0,0.0,0.0,0.0,0.0,0.0,0.0,0.0,0.0,0.0,0.0,0.0,0.0,0.0,0.0,0.0,0.0,0.0,0.0,0.0,0.0,0.0,0.0,0.0,0.0,0.0,0.0,0.0,0.0,0.0,0.0,0.0,0.0,0.0,0.0,0.0,0.0,0.0,0.0,0.0,0.0,0.0,0.0,0.0,0.0,0.0,0.0,0.0,0.0,0.0,0.0,0.0,0.0,0.0,0.0,0.0,0.0
Les Salles de Louis XIV,7.116630530232071,7.116630530232071,7.116630530232071,17.98515520374174,17.98515520374174,17.98515520374174,17.98515520374174,17.98515520374174,17.98515520374174,17.98515520374174,0.0,0.0,0.0,0.0,0.0,0.0,0.0,0.0,0.0,0.0,0.0,0.0,0.0,0.0,0.0,0.0,0.0,0.0,0.0,0.0,0.0,0.0,0.0,0.0,0.0,0.0,0.0,0.0,0.0,0.0,0.0,0.0,0.0,0.0,0.0,0.0,0.0,0.0,0.0,0.0,0.0,0.0,0.0,0.0,0.0,0.0,0.0,0.0,0.0,0.0,0.0,0.0,0.0,0.0,0.0,0.0,0.0,0.0,0.0,0.0,0.0,0.0,0.0,0.0,0.0,0.0,0.0
L'Appartement du Dauphin,7.116630530232071,7.116630530232071,7.116630530232071,17.98515520374174,17.98515520374174,17.98515520374174,17.98515520374174,17.98515520374174,17.98515520374174,17.98515520374174,0.0,0.0,0.0,0.0,0.0,0.0,0.0,0.0,0.0,0.0,0.0,0.0,0.0,0.0,0.0,0.0,0.0,0.0,0.0,0.0,0.0,0.0,0.0,0.0,0.0,0.0,0.0,0.0,0.0,0.0,0.0,0.0,0.0,0.0,0.0,0.0,0.0,0.0,0.0,0.0,0.0,0.0,0.0,0.0,0.0,0.0,0.0,0.0,0.0,0.0,0.0,0.0,0.0,0.0,0.0,0.0,0.0,0.0,0.0,0.0,0.0,0.0,0.0,0.0,0.0,0.0,0.0
L'Appartement de Madame du Barry,7.116630530232071,7.116630530232071,7.116630530232071,17.98515520374174,17.98515520374174,17.98515520374174,17.98515520374174,17.98515520374174,17.98515520374174,17.98515520374174,0.0,0.0,0.0,0.0,0.0,0.0,0.0,0.0,0.0,0.0,0.0,0.0,0.0,0.0,0.0,0.0,0.0,0.0,0.0,0.0,0.0,0.0,0.0,0.0,0.0,0.0,0.0,0.0,0.0,0.0,0.0,0.0,0.0,0.0,0.0,0.0,0.0,0.0,0.0,0.0,0.0,0.0,0.0,0.0,0.0,0.0,0.0,0.0,0.0,0.0,0.0,0.0,0.0,0.0,0.0,0.0,0.0,0.0,0.0,0.0,0.0,0.0,0.0,0.0,0.0,0.0,0.0
Le Grand Commun,7.116630530232071,7.116630530232071,7.116630530232071,17.98515520374174,17.98515520374174,17.98515520374174,17.98515520374174,17.98515520374174,17.98515520374174,17.98515520374174,0.0,0.0,0.0,0.0,0.0,0.0,0.0,0.0,0.0,0.0,0.0,0.0,0.0,0.0,0.0,0.0,0.0,0.0,0.0,0.0,0.0,0.0,0.0,0.0,0.0,0.0,0.0,0.0,0.0,0.0,0.0,0.0,0.0,0.0,0.0,0.0,0.0,0.0,0.0,0.0,0.0,0.0,0.0,0.0,0.0,0.0,0.0,0.0,0.0,0.0,0.0,0.0,0.0,0.0,0.0,0.0,0.0,0.0,0.0,0.0,0.0,0.0,0.0,0.0,0.0,0.0,0.0
L'Attique Chimay,7.116630530232071,7.116630530232071,7.116630530232071,17.98515520374174,17.98515520374174,17.98515520374174,17.98515520374174,17.98515520374174,17.98515520374174,17.98515520374174,0.0,0.0,0.0,0.0,0.0,0.0,0.0,0.0,0.0,0.0,0.0,0.0,0.0,0.0,0.0,0.0,0.0,0.0,0.0,0.0,0.0,0.0,0.0,0.0,0.0,0.0,0.0,0.0,0.0,0.0,0.0,0.0,0.0,0.0,0.0,0.0,0.0,0.0,0.0,0.0,0.0,0.0,0.0,0.0,0.0,0.0,0.0,0.0,0.0,0.0,0.0,0.0,0.0,0.0,0.0,0.0,0.0,0.0,0.0,0.0,0.0,0.0,0.0,0.0,0.0,0.0,0.0
L'Orangerie,7.116630530232071,7.116630530232071,7.116630530232071,17.98515520374174,17.98515520374174,17.98515520374174,17.98515520374174,17.98515520374174,17.98515520374174,17.98515520374174,0.0,0.0,0.0,0.0,0.0,0.0,0.0,0.0,0.0,0.0,0.0,0.0,0.0,0.0,0.0,0.0,0.0,0.0,0.0,0.0,0.0,0.0,0.0,0.0,0.0,0.0,0.0,0.0,0.0,0.0,0.0,0.0,0.0,0.0,0.0,0.0,0.0,0.0,0.0,0.0,0.0,0.0,0.0,0.0,0.0,0.0,0.0,0.0,0.0,0.0,0.0,0.0,0.0,0.0,0.0,0.0,0.0,0.0,0.0,0.0,0.0,0.0,0.0,0.0,0.0,0.0,0.0
La Galerie des Sculptures et des Moulages,7.116630530232071,7.116630530232071,7.116630530232071,17.98515520374174,17.98515520374174,17.98515520374174,17.98515520374174,17.98515520374174,17.98515520374174,17.98515520374174,0.0,0.0,0.0,0.0,0.0,0.0,0.0,0.0,0.0,0.0,0.0,0.0,0.0,0.0,0.0,0.0,0.0,0.0,0.0,0.0,0.0,0.0,0.0,0.0,0.0,0.0,0.0,0.0,0.0,0.0,0.0,0.0,0.0,0.0,0.0,0.0,0.0,0.0,0.0,0.0,0.0,0.0,0.0,0.0,0.0,0.0,0.0,0.0,0.0,0.0,0.0,0.0,0.0,0.0,0.0,0.0,0.0,0.0,0.0,0.0,0.0,0.0,0.0,0.0,0.0,0.0,0.0
Le Grand Canal,7.116630530232071,7.116630530232071,7.116630530232071,17.98515520374174,17.98515520374174,17.98515520374174,17.98515520374174,17.98515520374174,17.98515520374174,17.98515520374174,0.0,0.0,0.0,0.0,0.0,0.0,0.0,0.0,0.0,0.0,0.0,0.0,0.0,0.0,0.0,0.0,0.0,0.0,0.0,0.0,0.0,0.0,0.0,0.0,0.0,0.0,0.0,0.0,0.0,0.0,0.0,0.0,0.0,0.0,0.0,0.0,0.0,0.0,0.0,0.0,0.0,0.0,0.0,0.0,0.0,0.0,0.0,0.0,0.0,0.0,0.0,0.0,0.0,0.0,0.0,0.0,0.0,0.0,0.0,0.0,0.0,0.0,0.0,0.0,0.0,0.0,0.0
La Pièce d'Eau des Suisses,7.116630530232071,7.116630530232071,7.116630530232071,17.98515520374174,17.98515520374174,17.98515520374174,17.98515520374174,17.98515520374174,17.98515520374174,17.98515520374174,0.0,0.0,0.0,0.0,0.0,0.0,0.0,0.0,0.0,0.0,0.0,0.0,0.0,0.0,0.0,0.0,0.0,0.0,0.0,0.0,0.0,0.0,0.0,0.0,0.0,0.0,0.0,0.0,0.0,0.0,0.0,0.0,0.0,0.0,0.0,0.0,0.0,0.0,0.0,0.0,0.0,0.0,0.0,0.0,0.0,0.0,0.0,0.0,0.0,0.0,0.0,0.0,0.0,0.0,0.0,0.0,0.0,0.0,0.0,0.0,0.0,0.0,0.0,0.0,0.0,0.0,0.0
Le Rû Gally,7.116630530232071,7.116630530232071,7.116630530232071,17.98515520374174,17.98515520374174,17.98515520374174,17.98515520374174,17.98515520374174,17.98515520374174,17.98515520374174,0.0,0.0,0.0,0.0,0.0,0.0,0.0,0.0,0.0,0.0,0.0,0.0,0.0,0.0,0.0,0.0,0.0,0.0,0.0,0.0,0.0,0.0,0.0,0.0,0.0,0.0,0.0,0.0,0.0,0.0,0.0,0.0,0.0,0.0,0.0,0.0,0.0,0.0,0.0,0.0,0.0,0.0,0.0,0.0,0.0,0.0,0.0,0.0,0.0,0.0,0.0,0.0,0.0,0.0,0.0,0.0,0.0,0.0,0.0,0.0,0.0,0.0,0.0,0.0,0.0,0.0,0.0
La Salle du Jeu de Paume,7.116630530232071,7.116630530232071,7.116630530232071,17.98515520374174,17.98515520374174,17.98515520374174,17.98515520374174,17.98515520374174,17.98515520374174,17.98515520374174,0.0,0.0,0.0,0.0,0.0,0.0,0.0,0.0,0.0,0.0,0.0,0.0,0.0,0.0,0.0,0.0,0.0,0.0,0.0,0.0,0.0,0.0,0.0,0.0,0.0,0.0,0.0,0.0,0.0,0.0,0.0,0.0,0.0,0.0,0.0,0.0,0.0,0.0,0.0,0.0,0.0,0.0,0.0,0.0,0.0,0.0,0.0,0.0,0.0,0.0,0.0,0.0,0.0,0.0,0.0,0.0,0.0,0.0,0.0,0.0,0.0,0.0,0.0,0.0,0.0,0.0,0.0
Le Bassin de Flore (Printemps),7.116630530232071,7.116630530232071,7.116630530232071,17.98515520374174,17.98515520374174,17.98515520374174,17.98515520374174,17.98515520374174,17.98515520374174,17.98515520374174,0.0,0.0,0.0,0.0,0.0,0.0,0.0,0.0,0.0,0.0,0.0,0.0,0.0,0.0,0.0,0.0,0.0,0.0,0.0,0.0,0.0,0.0,0.0,0.0,0.0,0.0,0.0,0.0,0.0,0.0,0.0,0.0,0.0,0.0,0.0,0.0,0.0,0.0,0.0,0.0,0.0,0.0,0.0,0.0,0.0,0.0,0.0,0.0,0.0,0.0,0.0,0.0,0.0,0.0,0.0,0.0,0.0,0.0,0.0,0.0,0.0,0.0,0.0,0.0,0.0,0.0,0.0
Le Bassin de Cérès (Été),7.116630530232071,7.116630530232071,7.116630530232071,17.98515520374174,17.98515520374174,17.98515520374174,17.98515520374174,17.98515520374174,17.98515520374174,17.98515520374174,0.0,0.0,0.0,0.0,0.0,0.0,0.0,0.0,0.0,0.0,0.0,0.0,0.0,0.0,0.0,0.0,0.0,0.0,0.0,0.0,0.0,0.0,0.0,0.0,0.0,0.0,0.0,0.0,0.0,0.0,0.0,0.0,0.0,0.0,0.0,0.0,0.0,0.0,0.0,0.0,0.0,0.0,0.0,0.0,0.0,0.0,0.0,0.0,0.0,0.0,0.0,0.0,0.0,0.0,0.0,0.0,0.0,0.0,0.0,0.0,0.0,0.0,0.0,0.0,0.0,0.0,0.0
Le Bassin de Bacchus (Automne),7.116630530232071,7.116630530232071,7.116630530232071,17.98515520374174,17.98515520374174,17.98515520374174,17.98515520374174,17.98515520374174,17.98515520374174,17.98515520374174,0.0,0.0,0.0,0.0,0.0,0.0,0.0,0.0,0.0,0.0,0.0,0.0,0.0,0.0,0.0,0.0,0.0,0.0,0.0,0.0,0.0,0.0,0.0,0.0,0.0,0.0,0.0,0.0,0.0,0.0,0.0,0.0,0.0,0.0,0.0,0.0,0.0,0.0,0.0,0.0,0.0,0.0,0.0,0.0,0.0,0.0,0.0,0.0,0.0,0.0,0.0,0.0,0.0,0.0,0.0,0.0,0.0,0.0,0.0,0.0,0.0,0.0,0.0,0.0,0.0,0.0,0.0
Le Bassin de Saturne (Hiver),7.116630530232071,7.116630530232071,7.116630530232071,17.98515520374174,17.98515520374174,17.98515520374174,17.98515520374174,17.98515520374174,17.98515520374174,17.98515520374174,0.0,0.0,0.0,0.0,0.0,0.0,0.0,0.0,0.0,0.0,0.0,0.0,0.0,0.0,0.0,0.0,0.0,0.0,0.0,0.0,0.0,0.0,0.0,0.0,0.0,0.0,0.0,0.0,0.0,0.0,0.0,0.0,0.0,0.0,0.0,0.0,0.0,0.0,0.0,0.0,0.0,0.0,0.0,0.0,0.0,0.0,0.0,0.0,0.0,0.0,0.0,0.0,0.0,0.0,0.0,0.0,0.0,0.0,0.0,0.0,0.0,0.0,0.0,0.0,0.0,0.0,0.0
Le Cabinet de Diane (Soir),7.116630530232071,7.116630530232071,7.116630530232071,17.98515520374174,17.98515520374174,17.98515520374174,17.98515520374174,17.98515520374174,17.98515520374174,17.98515520374174,0.0,0.0,0.0,0.0,0.0,0.0,0.0,0.0,0.0,0.0,0.0,0.0,0.0,0.0,0.0,0.0,0.0,0.0,0.0,0.0,0.0,0.0,0.0,0.0,0.0,0.0,0.0,0.0,0.0,0.0,0.0,0.0,0.0,0.0,0.0,0.0,0.0,0.0,0.0,0.0,0.0,0.0,0.0,0.0,0.0,0.0,0.0,0.0,0.0,0.0,0.0,0.0,0.0,0.0,0.0,0.0,0.0,0.0,0.0,0.0,0.0,0.0,0.0,0.0,0.0,0.0,0.0
Le Cabinet du Point du Jour,7.116630530232071,7.116630530232071,7.116630530232071,17.98515520374174,17.98515520374174,17.98515520374174,17.98515520374174,17.98515520374174,17.98515520374174,17.98515520374174,0.0,0.0,0.0,0.0,0.0,0.0,0.0,0.0,0.0,0.0,0.0,0.0,0.0,0.0,0.0,0.0,0.0,0.0,0.0,0.0,0.0,0.0,0.0,0.0,0.0,0.0,0.0,0.0,0.0,0.0,0.0,0.0,0.0,0.0,0.0,0.0,0.0,0.0,0.0,0.0,0.0,0.0,0.0,0.0,0.0,0.0,0.0,0.0,0.0,0.0,0.0,0.0,0.0,0.0,0.0,0.0,0.0,0.0,0.0,0.0,0.0,0.0,0.0,0.0,0.0,0.0,0.0
Le Bassin du Dragon,7.116630530232071,7.116630530232071,7.116630530232071,17.98515520374174,17.98515520374174,17.98515520374174,17.98515520374174,17.98515520374174,17.98515520374174,17.98515520374174,0.0,0.0,0.0,0.0,0.0,0.0,0.0,0.0,0.0,0.0,0.0,0.0,0.0,0.0,0.0,0.0,0.0,0.0,0.0,0.0,0.0,0.0,0.0,0.0,0.0,0.0,0.0,0.0,0.0,0.0,0.0,0.0,0.0,0.0,0.0,0.0,0.0,0.0,0.0,0.0,0.0,0.0,0.0,0.0,0.0,0.0,0.0,0.0,0.0,0.0,0.0,0.0,0.0,0.0,0.0,0.0,0.0,0.0,0.0,0.0,0.0,0.0,0.0,0.0,0.0,0.0,0.0
Le Bassin de Neptune,7.116630530232071,7.116630530232071,7.116630530232071,17.98515520374174,17.98515520374174,17.98515520374174,17.98515520374174,17.98515520374174,17.98515520374174,17.98515520374174,0.0,0.0,0.0,0.0,0.0,0.0,0.0,0.0,0.0,0.0,0.0,0.0,0.0,0.0,0.0,0.0,0.0,0.0,0.0,0.0,0.0,0.0,0.0,0.0,0.0,0.0,0.0,0.0,0.0,0.0,0.0,0.0,0.0,0.0,0.0,0.0,0.0,0.0,0.0,0.0,0.0,0.0,0.0,0.0,0.0,0.0,0.0,0.0,0.0,0.0,0.0,0.0,0.0,0.0,0.0,0.0,0.0,0.0,0.0,0.0,0.0,0.0,0.0,0.0,0.0,0.0,0.0
Le Bassin de Latone,7.116630530232071,7.116630530232071,7.116630530232071,17.98515520374174,17.98515520374174,17.98515520374174,17.98515520374174,17.98515520374174,17.98515520374174,17.98515520374174,0.0,0.0,0.0,0.0,0.0,0.0,0.0,0.0,0.0,0.0,0.0,0.0,0.0,0.0,0.0,0.0,0.0,0.0,0.0,0.0,0.0,0.0,0.0,0.0,0.0,0.0,0.0,0.0,0.0,0.0,0.0,0.0,0.0,0.0,0.0,0.0,0.0,0.0,0.0,0.0,0.0,0.0,0.0,0.0,0.0,0.0,0.0,0.0,0.0,0.0,0.0,0.0,0.0,0.0,0.0,0.0,0.0,0.0,0.0,0.0,0.0,0.0,0.0,0.0,0.0,0.0,0.0
Le Bassin d'Apollon,7.116630530232071,7.116630530232071,7.116630530232071,17.98515520374174,17.98515520374174,17.98515520374174,17.98515520374174,17.98515520374174,17.98515520374174,17.98515520374174,0.0,0.0,0.0,0.0,0.0,0.0,0.0,0.0,0.0,0.0,0.0,0.0,0.0,0.0,0.0,0.0,0.0,0.0,0.0,0.0,0.0,0.0,0.0,0.0,0.0,0.0,0.0,0.0,0.0,0.0,0.0,0.0,0.0,0.0,0.0,0.0,0.0,0.0,0.0,0.0,0.0,0.0,0.0,0.0,0.0,0.0,0.0,0.0,0.0,0.0,0.0,0.0,0.0,0.0,0.0,0.0,0.0,0.0,0.0,0.0,0.0,0.0,0.0,0.0,0.0,0.0,0.0
Le Bassin du Miroir,7.116630530232071,7.116630530232071,7.116630530232071,17.98515520374174,17.98515520374174,17.98515520374174,17.98515520374174,17.98515520374174,17.98515520374174,17.98515520374174,0.0,0.0,0.0,0.0,0.0,0.0,0.0,0.0,0.0,0.0,0.0,0.0,0.0,0.0,0.0,0.0,0.0,0.0,0.0,0.0,0.0,0.0,0.0,0.0,0.0,0.0,0.0,0.0,0.0,0.0,0.0,0.0,0.0,0.0,0.0,0.0,0.0,0.0,0.0,0.0,0.0,0.0,0.0,0.0,0.0,0.0,0.0,0.0,0.0,0.0,0.0,0.0,0.0,0.0,0.0,0.0,0.0,0.0,0.0,0.0,0.0,0.0,0.0,0.0,0.0,0.0,0.0
Le Bain des Nymphes,7.116630530232071,7.116630530232071,7.116630530232071,17.98515520374174,17.98515520374174,17.98515520374174,17.98515520374174,17.98515520374174,17.98515520374174,17.98515520374174,0.0,0.0,0.0,0.0,0.0,0.0,0.0,0.0,0.0,0.0,0.0,0.0,0.0,0.0,0.0,0.0,0.0,0.0,0.0,0.0,0.0,0.0,0.0,0.0,0.0,0.0,0.0,0.0,0.0,0.0,0.0,0.0,0.0,0.0,0.0,0.0,0.0,0.0,0.0,0.0,0.0,0.0,0.0,0.0,0.0,0.0,0.0,0.0,0.0,0.0,0.0,0.0,0.0,0.0,0.0,0.0,0.0,0.0,0.0,0.0,0.0,0.0,0.0,0.0,0.0,0.0,0.0
Le Bassin de la Pyramide,7.116630530232071,7.116630530232071,7.116630530232071,17.98515520374174,17.98515520374174,17.98515520374174,17.98515520374174,17.98515520374174,17.98515520374174,17.98515520374174,0.0,0.0,0.0,0.0,0.0,0.0,0.0,0.0,0.0,0.0,0.0,0.0,0.0,0.0,0.0,0.0,0.0,0.0,0.0,0.0,0.0,0.0,0.0,0.0,0.0,0.0,0.0,0.0,0.0,0.0,0.0,0.0,0.0,0.0,0.0,0.0,0.0,0.0,0.0,0.0,0.0,0.0,0.0,0.0,0.0,0.0,0.0,0.0,0.0,0.0,0.0,0.0,0.0,0.0,0.0,0.0,0.0,0.0,0.0,0.0,0.0,0.0,0.0,0.0,0.0,0.0,0.0
Le Bassin des Enfants Dorés,7.116630530232071,7.116630530232071,7.116630530232071,17.98515520374174,17.98515520374174,17.98515520374174,17.98515520374174,17.98515520374174,17.98515520374174,17.98515520374174,0.0,0.0,0.0,0.0,0.0,0.0,0.0,0.0,0.0,0.0,0.0,0.0,0.0,0.0,0.0,0.0,0.0,0.0,0.0,0.0,0.0,0.0,0.0,0.0,0.0,0.0,0.0,0.0,0.0,0.0,0.0,0.0,0.0,0.0,0.0,0.0,0.0,0.0,0.0,0.0,0.0,0.0,0.0,0.0,0.0,0.0,0.0,0.0,0.0,0.0,0.0,0.0,0.0,0.0,0.0,0.0,0.0,0.0,0.0,0.0,0.0,0.0,0.0,0.0,0.0,0.0,0.0
Le Bosquet de la Reine,7.116630530232071,7.116630530232071,7.116630530232071,17.98515520374174,17.98515520374174,17.98515520374174,17.98515520374174,17.98515520374174,17.98515520374174,17.98515520374174,0.0,0.0,0.0,0.0,0.0,0.0,0.0,0.0,0.0,0.0,0.0,0.0,0.0,0.0,0.0,0.0,0.0,0.0,0.0,0.0,0.0,0.0,0.0,0.0,0.0,0.0,0.0,0.0,0.0,0.0,0.0,0.0,0.0,0.0,0.0,0.0,0.0,0.0,0.0,0.0,0.0,0.0,0.0,0.0,0.0,0.0,0.0,0.0,0.0,0.0,0.0,0.0,0.0,0.0,0.0,0.0,0.0,0.0,0.0,0.0,0.0,0.0,0.0,0.0,0.0,0.0,0.0
Le Bosquet de la Salle de Bal,7.116630530232071,7.116630530232071,7.116630530232071,17.98515520374174,17.98515520374174,17.98515520374174,17.98515520374174,17.98515520374174,17.98515520374174,17.98515520374174,0.0,0.0,0.0,0.0,0.0,0.0,0.0,0.0,0.0,0.0,0.0,0.0,0.0,0.0,0.0,0.0,0.0,0.0,0.0,0.0,0.0,0.0,0.0,0.0,0.0,0.0,0.0,0.0,0.0,0.0,0.0,0.0,0.0,0.0,0.0,0.0,0.0,0.0,0.0,0.0,0.0,0.0,0.0,0.0,0.0,0.0,0.0,0.0,0.0,0.0,0.0,0.0,0.0,0.0,0.0,0.0,0.0,0.0,0.0,0.0,0.0,0.0,0.0,0.0,0.0,0.0,0.0
Le Bosquet de la Girandole,7.116630530232071,7.116630530232071,7.116630530232071,17.98515520374174,17.98515520374174,17.98515520374174,17.98515520374174,17.98515520374174,17.98515520374174,17.98515520374174,0.0,0.0,0.0,0.0,0.0,0.0,0.0,0.0,0.0,0.0,0.0,0.0,0.0,0.0,0.0,0.0,0.0,0.0,0.0,0.0,0.0,0.0,0.0,0.0,0.0,0.0,0.0,0.0,0.0,0.0,0.0,0.0,0.0,0.0,0.0,0.0,0.0,0.0,0.0,0.0,0.0,0.0,0.0,0.0,0.0,0.0,0.0,0.0,0.0,0.0,0.0,0.0,0.0,0.0,0.0,0.0,0.0,0.0,0.0,0.0,0.0,0.0,0.0,0.0,0.0,0.0,0.0
Le Bosquet de la Montagne d'Eau,7.116630530232071,7.116630530232071,7.116630530232071,17.98515520374174,17.98515520374174,17.98515520374174,17.98515520374174,17.98515520374174,17.98515520374174,17.98515520374174,0.0,0.0,0.0,0.0,0.0,0.0,0.0,0.0,0.0,0.0,0.0,0.0,0.0,0.0,0.0,0.0,0.0,0.0,0.0,0.0,0.0,0.0,0.0,0.0,0.0,0.0,0.0,0.0,0.0,0.0,0.0,0.0,0.0,0.0,0.0,0.0,0.0,0.0,0.0,0.0,0.0,0.0,0.0,0.0,0.0,0.0,0.0,0.0,0.0,0.0,0.0,0.0,0.0,0.0,0.0,0.0,0.0,0.0,0.0,0.0,0.0,0.0,0.0,0.0,0.0,0.0,0.0
Le Bosquet du Dauphin,7.116630530232071,7.116630530232071,7.116630530232071,17.98515520374174,17.98515520374174,17.98515520374174,17.98515520374174,17.98515520374174,17.98515520374174,17.98515520374174,0.0,0.0,0.0,0.0,0.0,0.0,0.0,0.0,0.0,0.0,0.0,0.0,0.0,0.0,0.0,0.0,0.0,0.0,0.0,0.0,0.0,0.0,0.0,0.0,0.0,0.0,0.0,0.0,0.0,0.0,0.0,0.0,0.0,0.0,0.0,0.0,0.0,0.0,0.0,0.0,0.0,0.0,0.0,0.0,0.0,0.0,0.0,0.0,0.0,0.0,0.0,0.0,0.0,0.0,0.0,0.0,0.0,0.0,0.0,0.0,0.0,0.0,0.0,0.0,0.0,0.0,0.0
Le Bosquet du Théâtre d'Eau,7.116630530232071,7.116630530232071,7.116630530232071,17.98515520374174,17.98515520374174,17.98515520374174,17.98515520374174,17.98515520374174,17.98515520374174,17.98515520374174,0.0,0.0,0.0,0.0,0.0,0.0,0.0,0.0,0.0,0.0,0.0,0.0,0.0,0.0,0.0,0.0,0.0,0.0,0.0,0.0,0.0,0.0,0.0,0.0,0.0,0.0,0.0,0.0,0.0,0.0,0.0,0.0,0.0,0.0,0.0,0.0,0.0,0.0,0.0,0.0,0.0,0.0,0.0,0.0,0.0,0.0,0.0,0.0,0.0,0.0,0.0,0.0,0.0,0.0,0.0,0.0,0.0,0.0,0.0,0.0,0.0,0.0,0.0,0.0,0.0,0.0,0.0
Le Bosquet des Trois Fontaines,7.116630530232071,7.116630530232071,7.116630530232071,17.98515520374174,17.98515520374174,17.98515520374174,17.98515520374174,17.98515520374174,17.98515520374174,17.98515520374174,0.0,0.0,0.0,0.0,0.0,0.0,0.0,0.0,0.0,0.0,0.0,0.0,0.0,0.0,0.0,0.0,0.0,0.0,0.0,0.0,0.0,0.0,0.0,0.0,0.0,0.0,0.0,0.0,0.0,0.0,0.0,0.0,0.0,0.0,0.0,0.0,0.0,0.0,0.0,0.0,0.0,0.0,0.0,0.0,0.0,0.0,0.0,0.0,0.0,0.0,0.0,0.0,0.0,0.0,0.0,0.0,0.0,0.0,0.0,0.0,0.0,0.0,0.0,0.0,0.0,0.0,0.0
Le Bosquet de l'Arc de Triomphe,7.116630530232071,7.116630530232071,7.116630530232071,17.98515520374174,17.98515520374174,17.98515520374174,17.98515520374174,17.98515520374174,17.98515520374174,17.98515520374174,0.0,0.0,0.0,0.0,0.0,0.0,0.0,0.0,0.0,0.0,0.0,0.0,0.0,0.0,0.0,0.0,0.0,0.0,0.0,0.0,0.0,0.0,0.0,0.0,0.0,0.0,0.0,0.0,0.0,0.0,0.0,0.0,0.0,0.0,0.0,0.0,0.0,0.0,0.0,0.0,0.0,0.0,0.0,0.0,0.0,0.0,0.0,0.0,0.0,0.0,0.0,0.0,0.0,0.0,0.0,0.0,0.0,0.0,0.0,0.0,0.0,0.0,0.0,0.0,0.0,0.0,0.0
Le Bosquet de la Colonnade,7.116630530232071,7.116630530232071,7.116630530232071,17.98515520374174,17.98515520374174,17.98515520374174,17.98515520374174,17.98515520374174,17.98515520374174,17.98515520374174,0.0,0.0,0.0,0.0,0.0,0.0,0.0,0.0,0.0,0.0,0.0,0.0,0.0,0.0,0.0,0.0,0.0,0.0,0.0,0.0,0.0,0.0,0.0,0.0,0.0,0.0,0.0,0.0,0.0,0.0,0.0,0.0,0.0,0.0,0.0,0.0,0.0,0.0,0.0,0.0,0.0,0.0,0.0,0.0,0.0,0.0,0.0,0.0,0.0,0.0,0.0,0.0,0.0,0.0,0.0,0.0,0.0,0.0,0.0,0.0,0.0,0.0,0.0,0.0,0.0,0.0,0.0
Le Bosquet du Marronnier,7.116630530232071,7.116630530232071,7.116630530232071,17.98515520374174,17.98515520374174,17.98515520374174,17.98515520374174,17.98515520374174,17.98515520374174,17.98515520374174,0.0,0.0,0.0,0.0,0.0,0.0,0.0,0.0,0.0,0.0,0.0,0.0,0.0,0.0,0.0,0.0,0.0,0.0,0.0,0.0,0.0,0.0,0.0,0.0,0.0,0.0,0.0,0.0,0.0,0.0,0.0,0.0,0.0,0.0,0.0,0.0,0.0,0.0,0.0,0.0,0.0,0.0,0.0,0.0,0.0,0.0,0.0,0.0,0.0,0.0,0.0,0.0,0.0,0.0,0.0,0.0,0.0,0.0,0.0,0.0,0.0,0.0,0.0,0.0,0.0,0.0,0.0
Le Bosquet du Dôme,7.116630530232071,7.116630530232071,7.116630530232071,17.98515520374174,17.98515520374174,17.98515520374174,17.98515520374174,17.98515520374174,17.98515520374174,17.98515520374174,0.0,0.0,0.0,0.0,0.0,0.0,0.0,0.0,0.0,0.0,0.0,0.0,0.0,0.0,0.0,0.0,0.0,0.0,0.0,0.0,0.0,0.0,0.0,0.0,0.0,0.0,0.0,0.0,0.0,0.0,0.0,0.0,0.0,0.0,0.0,0.0,0.0,0.0,0.0,0.0,0.0,0.0,0.0,0.0,0.0,0.0,0.0,0.0,0.0,0.0,0.0,0.0,0.0,0.0,0.0,0.0,0.0,0.0,0.0,0.0,0.0,0.0,0.0,0.0,0.0,0.0,0.0
Le Bosquet d'Encelade,7.116630530232071,7.116630530232071,7.116630530232071,17.98515520374174,17.98515520374174,17.98515520374174,17.98515520374174,17.98515520374174,17.98515520374174,17.98515520374174,0.0,0.0,0.0,0.0,0.0,0.0,0.0,0.0,0.0,0.0,0.0,0.0,0.0,0.0,0.0,0.0,0.0,0.0,0.0,0.0,0.0,0.0,0.0,0.0,0.0,0.0,0.0,0.0,0.0,0.0,0.0,0.0,0.0,0.0,0.0,0.0,0.0,0.0,0.0,0.0,0.0,0.0,0.0,0.0,0.0,0.0,0.0,0.0,0.0,0.0,0.0,0.0,0.0,0.0,0.0,0.0,0.0,0.0,0.0,0.0,0.0,0.0,0.0,0.0,0.0,0.0,0.0
Le Bosquet des Obélisques,7.116630530232071,7.116630530232071,7.116630530232071,17.98515520374174,17.98515520374174,17.98515520374174,17.98515520374174,17.98515520374174,17.98515520374174,17.98515520374174,0.0,0.0,0.0,0.0,0.0,0.0,0.0,0.0,0.0,0.0,0.0,0.0,0.0,0.0,0.0,0.0,0.0,0.0,0.0,0.0,0.0,0.0,0.0,0.0,0.0,0.0,0.0,0.0,0.0,0.0,0.0,0.0,0.0,0.0,0.0,0.0,0.0,0.0,0.0,0.0,0.0,0.0,0.0,0.0,0.0,0.0,0.0,0.0,0.0,0.0,0.0,0.0,0.0,0.0,0.0,0.0,0.0,0.0,0.0,0.0,0.0,0.0,0.0,0.0,0.0,0.0,0.0
Le Bosquet des Bains d'Apollon,7.116630530232071,7.116630530232071,7.116630530232071,17.98515520374174,17.98515520374174,17.98515520374174,17.98515520374174,17.98515520374174,17.98515520374174,17.98515520374174,0.0,0.0,0.0,0.0,0.0,0.0,0.0,0.0,0.0,0.0,0.0,0.0,0.0,0.0,0.0,0.0,0.0,0.0,0.0,0.0,0.0,0.0,0.0,0.0,0.0,0.0,0.0,0.0,0.0,0.0,0.0,0.0,0.0,0.0,0.0,0.0,0.0,0.0,0.0,0.0,0.0,0.0,0.0,0.0,0.0,0.0,0.0,0.0,0.0,0.0,0.0,0.0,0.0,0.0,0.0,0.0,0.0,0.0,0.0,0.0,0.0,0.0,0.0,0.0,0.0,0.0,0.0
Le Parterre d'Eau,7.116630530232071,7.116630530232071,7.116630530232071,17.98515520374174,17.98515520374174,17.98515520374174,17.98515520374174,17.98515520374174,17.98515520374174,17.98515520374174,0.0,0.0,0.0,0.0,0.0,0.0,0.0,0.0,0.0,0.0,0.0,0.0,0.0,0.0,0.0,0.0,0.0,0.0,0.0,0.0,0.0,0.0,0.0,0.0,0.0,0.0,0.0,0.0,0.0,0.0,0.0,0.0,0.0,0.0,0.0,0.0,0.0,0.0,0.0,0.0,0.0,0.0,0.0,0.0,0.0,0.0,0.0,0.0,0.0,0.0,0.0,0.0,0.0,0.0,0.0,0.0,0.0,0.0,0.0,0.0,0.0,0.0,0.0,0.0,0.0,0.0,0.0
Le Parterre Nord,7.116630530232071,7.116630530232071,7.116630530232071,17.98515520374174,17.98515520374174,17.98515520374174,17.98515520374174,17.98515520374174,17.98515520374174,17.98515520374174,0.0,0.0,0.0,0.0,0.0,0.0,0.0,0.0,0.0,0.0,0.0,0.0,0.0,0.0,0.0,0.0,0.0,0.0,0.0,0.0,0.0,0.0,0.0,0.0,0.0,0.0,0.0,0.0,0.0,0.0,0.0,0.0,0.0,0.0,0.0,0.0,0.0,0.0,0.0,0.0,0.0,0.0,0.0,0.0,0.0,0.0,0.0,0.0,0.0,0.0,0.0,0.0,0.0,0.0,0.0,0.0,0.0,0.0,0.0,0.0,0.0,0.0,0.0,0.0,0.0,0.0,0.0
Le Parterre du Midi,7.116630530232071,7.116630530232071,7.116630530232071,17.98515520374174,17.98515520374174,17.98515520374174,17.98515520374174,17.98515520374174,17.98515520374174,17.98515520374174,0.0,0.0,0.0,0.0,0.0,0.0,0.0,0.0,0.0,0.0,0.0,0.0,0.0,0.0,0.0,0.0,0.0,0.0,0.0,0.0,0.0,0.0,0.0,0.0,0.0,0.0,0.0,0.0,0.0,0.0,0.0,0.0,0.0,0.0,0.0,0.0,0.0,0.0,0.0,0.0,0.0,0.0,0.0,0.0,0.0,0.0,0.0,0.0,0.0,0.0,0.0,0.0,0.0,0.0,0.0,0.0,0.0,0.0,0.0,0.0,0.0,0.0,0.0,0.0,0.0,0.0,0.0
Le Parterre de Latone,7.116630530232071,7.116630530232071,7.116630530232071,17.98515520374174,17.98515520374174,17.98515520374174,17.98515520374174,17.98515520374174,17.98515520374174,17.98515520374174,0.0,0.0,0.0,0.0,0.0,0.0,0.0,0.0,0.0,0.0,0.0,0.0,0.0,0.0,0.0,0.0,0.0,0.0,0.0,0.0,0.0,0.0,0.0,0.0,0.0,0.0,0.0,0.0,0.0,0.0,0.0,0.0,0.0,0.0,0.0,0.0,0.0,0.0,0.0,0.0,0.0,0.0,0.0,0.0,0.0,0.0,0.0,0.0,0.0,0.0,0.0,0.0,0.0,0.0,0.0,0.0,0.0,0.0,0.0,0.0,0.0,0.0,0.0,0.0,0.0,0.0,0.0
L'Allée d'Eau des Marmousets,7.116630530232071,7.116630530232071,7.116630530232071,17.98515520374174,17.98515520374174,17.98515520374174,17.98515520374174,17.98515520374174,17.98515520374174,17.98515520374174,0.0,0.0,0.0,0.0,0.0,0.0,0.0,0.0,0.0,0.0,0.0,0.0,0.0,0.0,0.0,0.0,0.0,0.0,0.0,0.0,0.0,0.0,0.0,0.0,0.0,0.0,0.0,0.0,0.0,0.0,0.0,0.0,0.0,0.0,0.0,0.0,0.0,0.0,0.0,0.0,0.0,0.0,0.0,0.0,0.0,0.0,0.0,0.0,0.0,0.0,0.0,0.0,0.0,0.0,0.0,0.0,0.0,0.0,0.0,0.0,0.0,0.0,0.0,0.0,0.0,0.0,0.0
L'Allée Royale du Tapis Vert,7.116630530232071,7.116630530232071,7.116630530232071,17.98515520374174,17.98515520374174,17.98515520374174,17.98515520374174,17.98515520374174,17.98515520374174,17.98515520374174,0.0,0.0,0.0,0.0,0.0,0.0,0.0,0.0,0.0,0.0,0.0,0.0,0.0,0.0,0.0,0.0,0.0,0.0,0.0,0.0,0.0,0.0,0.0,0.0,0.0,0.0,0.0,0.0,0.0,0.0,0.0,0.0,0.0,0.0,0.0,0.0,0.0,0.0,0.0,0.0,0.0,0.0,0.0,0.0,0.0,0.0,0.0,0.0,0.0,0.0,0.0,0.0,0.0,0.0,0.0,0.0,0.0,0.0,0.0,0.0,0.0,0.0,0.0,0.0,0.0,0.0,0.0
Le Jardin du Roi,7.116630530232071,7.116630530232071,7.116630530232071,17.98515520374174,17.98515520374174,17.98515520374174,17.98515520374174,17.98515520374174,17.98515520374174,17.98515520374174,0.0,0.0,0.0,0.0,0.0,0.0,0.0,0.0,0.0,0.0,0.0,0.0,0.0,0.0,0.0,0.0,0.0,0.0,0.0,0.0,0.0,0.0,0.0,0.0,0.0,0.0,0.0,0.0,0.0,0.0,0.0,0.0,0.0,0.0,0.0,0.0,0.0,0.0,0.0,0.0,0.0,0.0,0.0,0.0,0.0,0.0,0.0,0.0,0.0,0.0,0.0,0.0,0.0,0.0,0.0,0.0,0.0,0.0,0.0,0.0,0.0,0.0,0.0,0.0,0.0,0.0,0.0
La Statue de Louis XIV,7.116630530232071,7.116630530232071,7.116630530232071,17.98515520374174,17.98515520374174,17.98515520374174,17.98515520374174,17.98515520374174,17.98515520374174,17.98515520374174,0.0,0.0,0.0,0.0,0.0,0.0,0.0,0.0,0.0,0.0,0.0,0.0,0.0,0.0,0.0,0.0,0.0,0.0,0.0,0.0,0.0,0.0,0.0,0.0,0.0,0.0,0.0,0.0,0.0,0.0,0.0,0.0,0.0,0.0,0.0,0.0,0.0,0.0,0.0,0.0,0.0,0.0,0.0,0.0,0.0,0.0,0.0,0.0,0.0,0.0,0.0,0.0,0.0,0.0,0.0,0.0,0.0,0.0,0.0,0.0,0.0,0.0,0.0,0.0,0.0,0.0,0.0
